Epoch: 1, gen_total_loss: 5519.603, gen_gan_loss: 1685.695, gen_l1_loss: 278.021, gen_tv_loss: 1415337.114, gen_f_loss: 10395413.911, disc_loss: 2452.381
Epoch: 2, gen_total_loss: 5177.270, gen_gan_loss: 1718.959, gen_l1_loss: 241.660, gen_tv_loss: 1747863.684, gen_f_loss: 10242324.962, disc_loss: 2396.880
Epoch: 3, gen_total_loss: 4901.679, gen_gan_loss: 1611.803, gen_l1_loss: 227.283, gen_tv_loss: 1810774.048, gen_f_loss: 9989426.282, disc_loss: 2487.910
Epoch: 4, gen_total_loss: 4782.210, gen_gan_loss: 1599.524, gen_l1_loss: 219.143, gen_tv_loss: 1867669.912, gen_f_loss: 9725840.235, disc_loss: 2482.761
Epoch: 5, gen_total_loss: 4731.001, gen_gan_loss: 1597.724, gen_l1_loss: 214.794, gen_tv_loss: 2030081.748, gen_f_loss: 9650351.185, disc_loss: 2469.621
Epoch: 6, gen_total_loss: 4675.608, gen_gan_loss: 1603.038, gen_l1_loss: 209.038, gen_tv_loss: 2078958.831, gen_f_loss: 9614016.084, disc_loss: 2474.374
Epoch: 7, gen_total_loss: 4763.543, gen_gan_loss: 1687.058, gen_l1_loss: 208.457, gen_tv_loss: 2189609.745, gen_f_loss: 9700207.022, disc_loss: 2389.460
Epoch: 8, gen_total_loss: 4801.700, gen_gan_loss: 1764.064, gen_l1_loss: 205.454, gen_tv_loss: 2280594.006, gen_f_loss: 9602866.434, disc_loss: 2346.424
Epoch: 9, gen_total_loss: 4891.572, gen_gan_loss: 1867.240, gen_l1_loss: 202.592, gen_tv_loss: 2239774.085, gen_f_loss: 9760193.032, disc_loss: 2271.237
Epoch: 10, gen_total_loss: 4927.552, gen_gan_loss: 1945.989, gen_l1_loss: 197.551, gen_tv_loss: 2362958.506, gen_f_loss: 9824214.230, disc_loss: 2208.534
Epoch: 11, gen_total_loss: 5040.667, gen_gan_loss: 2049.979, gen_l1_loss: 198.699, gen_tv_loss: 2387330.908, gen_f_loss: 9798240.633, disc_loss: 2149.155
Epoch: 12, gen_total_loss: 5091.371, gen_gan_loss: 2139.129, gen_l1_loss: 194.727, gen_tv_loss: 2426264.277, gen_f_loss: 9807113.877, disc_loss: 2115.927
Epoch: 13, gen_total_loss: 5156.071, gen_gan_loss: 2204.638, gen_l1_loss: 194.962, gen_tv_loss: 2376838.864, gen_f_loss: 9780411.678, disc_loss: 2071.754
Epoch: 14, gen_total_loss: 5160.801, gen_gan_loss: 2202.918, gen_l1_loss: 194.238, gen_tv_loss: 2377378.300, gen_f_loss: 9917299.252, disc_loss: 2084.349
Epoch: 15, gen_total_loss: 5128.849, gen_gan_loss: 2247.677, gen_l1_loss: 188.984, gen_tv_loss: 2362921.253, gen_f_loss: 9676978.646, disc_loss: 2043.596
Epoch: 16, gen_total_loss: 5147.405, gen_gan_loss: 2271.580, gen_l1_loss: 188.603, gen_tv_loss: 2397340.353, gen_f_loss: 9658178.859, disc_loss: 2048.265
Epoch: 17, gen_total_loss: 5108.444, gen_gan_loss: 2257.208, gen_l1_loss: 185.651, gen_tv_loss: 2447254.516, gen_f_loss: 9702499.482, disc_loss: 2076.439
Epoch: 18, gen_total_loss: 5102.646, gen_gan_loss: 2251.894, gen_l1_loss: 187.254, gen_tv_loss: 2363697.693, gen_f_loss: 9545764.130, disc_loss: 2066.327
Epoch: 19, gen_total_loss: 5089.050, gen_gan_loss: 2250.517, gen_l1_loss: 186.224, gen_tv_loss: 2362346.803, gen_f_loss: 9526721.839, disc_loss: 2061.539
Epoch: 20, gen_total_loss: 5133.977, gen_gan_loss: 2294.157, gen_l1_loss: 185.678, gen_tv_loss: 2375398.910, gen_f_loss: 9592887.659, disc_loss: 2036.948
Epoch: 21, gen_total_loss: 5051.200, gen_gan_loss: 2257.605, gen_l1_loss: 182.053, gen_tv_loss: 2403963.061, gen_f_loss: 9490266.615, disc_loss: 2057.535
Epoch: 22, gen_total_loss: 5068.228, gen_gan_loss: 2264.958, gen_l1_loss: 183.299, gen_tv_loss: 2419542.448, gen_f_loss: 9460873.164, disc_loss: 2062.333
Epoch: 23, gen_total_loss: 5122.799, gen_gan_loss: 2334.011, gen_l1_loss: 181.996, gen_tv_loss: 2482446.321, gen_f_loss: 9440005.473, disc_loss: 2000.881
Epoch: 24, gen_total_loss: 5142.291, gen_gan_loss: 2366.327, gen_l1_loss: 181.225, gen_tv_loss: 2485089.600, gen_f_loss: 9388626.020, disc_loss: 1963.313
Epoch: 25, gen_total_loss: 5262.482, gen_gan_loss: 2445.699, gen_l1_loss: 183.898, gen_tv_loss: 2541638.951, gen_f_loss: 9523833.720, disc_loss: 1987.424
Epoch: 26, gen_total_loss: 5169.025, gen_gan_loss: 2409.433, gen_l1_loss: 179.180, gen_tv_loss: 2502349.362, gen_f_loss: 9427655.831, disc_loss: 1943.678
Epoch: 27, gen_total_loss: 5233.407, gen_gan_loss: 2469.148, gen_l1_loss: 179.949, gen_tv_loss: 2546469.156, gen_f_loss: 9392994.000, disc_loss: 1935.255
Epoch: 28, gen_total_loss: 5270.196, gen_gan_loss: 2517.538, gen_l1_loss: 179.270, gen_tv_loss: 2503536.406, gen_f_loss: 9349198.154, disc_loss: 1893.594
Epoch: 29, gen_total_loss: 5253.447, gen_gan_loss: 2518.743, gen_l1_loss: 178.351, gen_tv_loss: 2472282.189, gen_f_loss: 9264745.650, disc_loss: 1898.600
Epoch: 30, gen_total_loss: 5157.193, gen_gan_loss: 2436.294, gen_l1_loss: 176.362, gen_tv_loss: 2510335.007, gen_f_loss: 9321717.451, disc_loss: 1970.471
Epoch: 31, gen_total_loss: 5220.394, gen_gan_loss: 2510.329, gen_l1_loss: 175.635, gen_tv_loss: 2550646.775, gen_f_loss: 9282122.146, disc_loss: 1903.055
Epoch: 32, gen_total_loss: 5293.476, gen_gan_loss: 2593.275, gen_l1_loss: 176.059, gen_tv_loss: 2511024.493, gen_f_loss: 9145006.449, disc_loss: 1855.863
Epoch: 33, gen_total_loss: 5272.332, gen_gan_loss: 2570.372, gen_l1_loss: 175.383, gen_tv_loss: 2567231.486, gen_f_loss: 9224612.323, disc_loss: 1885.229
Epoch: 34, gen_total_loss: 5377.783, gen_gan_loss: 2682.309, gen_l1_loss: 175.569, gen_tv_loss: 2557599.169, gen_f_loss: 9142087.759, disc_loss: 1813.908
Epoch: 35, gen_total_loss: 5286.772, gen_gan_loss: 2614.024, gen_l1_loss: 173.616, gen_tv_loss: 2550134.348, gen_f_loss: 9110877.456, disc_loss: 1854.073
Epoch: 36, gen_total_loss: 4855.900, gen_gan_loss: 2252.208, gen_l1_loss: 169.062, gen_tv_loss: 2454692.897, gen_f_loss: 8885218.125, disc_loss: 2168.505
Epoch: 37, gen_total_loss: 4613.257, gen_gan_loss: 2076.876, gen_l1_loss: 163.802, gen_tv_loss: 2364534.238, gen_f_loss: 8747106.532, disc_loss: 2250.799
Epoch: 38, gen_total_loss: 4499.363, gen_gan_loss: 1998.989, gen_l1_loss: 161.886, gen_tv_loss: 2309323.119, gen_f_loss: 8584174.739, disc_loss: 2269.168
Epoch: 39, gen_total_loss: 4460.588, gen_gan_loss: 1970.084, gen_l1_loss: 161.391, gen_tv_loss: 2336611.936, gen_f_loss: 8532252.536, disc_loss: 2297.497
Epoch: 40, gen_total_loss: 4442.866, gen_gan_loss: 1962.134, gen_l1_loss: 160.466, gen_tv_loss: 2344136.461, gen_f_loss: 8526292.450, disc_loss: 2274.255
Epoch: 41, gen_total_loss: 4422.844, gen_gan_loss: 1971.869, gen_l1_loss: 158.122, gen_tv_loss: 2307918.293, gen_f_loss: 8466759.957, disc_loss: 2274.267
Epoch: 42, gen_total_loss: 4383.846, gen_gan_loss: 1963.113, gen_l1_loss: 156.206, gen_tv_loss: 2318897.851, gen_f_loss: 8354820.856, disc_loss: 2257.843
Epoch: 43, gen_total_loss: 4339.414, gen_gan_loss: 1953.164, gen_l1_loss: 153.948, gen_tv_loss: 2298913.990, gen_f_loss: 8237782.781, disc_loss: 2252.475
Epoch: 44, gen_total_loss: 4344.637, gen_gan_loss: 1955.434, gen_l1_loss: 153.981, gen_tv_loss: 2344425.231, gen_f_loss: 8259450.546, disc_loss: 2286.576
Epoch: 45, gen_total_loss: 4306.789, gen_gan_loss: 1945.842, gen_l1_loss: 152.281, gen_tv_loss: 2300814.021, gen_f_loss: 8151252.215, disc_loss: 2276.476
Epoch: 46, gen_total_loss: 4249.691, gen_gan_loss: 1926.071, gen_l1_loss: 149.794, gen_tv_loss: 2306425.435, gen_f_loss: 8026118.329, disc_loss: 2275.870
Epoch: 47, gen_total_loss: 4266.729, gen_gan_loss: 1947.014, gen_l1_loss: 149.873, gen_tv_loss: 2333319.041, gen_f_loss: 7976522.944, disc_loss: 2256.615
Epoch: 48, gen_total_loss: 4253.896, gen_gan_loss: 1976.757, gen_l1_loss: 146.695, gen_tv_loss: 2302059.722, gen_f_loss: 7871713.613, disc_loss: 2237.324
Epoch: 49, gen_total_loss: 4224.690, gen_gan_loss: 1960.572, gen_l1_loss: 146.534, gen_tv_loss: 2338405.524, gen_f_loss: 7753892.943, disc_loss: 2252.688
Epoch: 50, gen_total_loss: 4172.831, gen_gan_loss: 1944.532, gen_l1_loss: 144.084, gen_tv_loss: 2312903.554, gen_f_loss: 7643268.119, disc_loss: 2242.682
Epoch: 51, gen_total_loss: 4191.337, gen_gan_loss: 1977.366, gen_l1_loss: 143.510, gen_tv_loss: 2329511.597, gen_f_loss: 7555730.713, disc_loss: 2257.664
Epoch: 52, gen_total_loss: 4109.572, gen_gan_loss: 1937.419, gen_l1_loss: 140.902, gen_tv_loss: 2326444.882, gen_f_loss: 7398651.184, disc_loss: 2241.638
Epoch: 53, gen_total_loss: 4120.146, gen_gan_loss: 1966.702, gen_l1_loss: 139.695, gen_tv_loss: 2311230.131, gen_f_loss: 7333796.111, disc_loss: 2248.478
Epoch: 54, gen_total_loss: 4087.178, gen_gan_loss: 1960.497, gen_l1_loss: 138.198, gen_tv_loss: 2350577.588, gen_f_loss: 7212002.046, disc_loss: 2238.344
Epoch: 55, gen_total_loss: 4077.055, gen_gan_loss: 1967.588, gen_l1_loss: 136.948, gen_tv_loss: 2319833.210, gen_f_loss: 7167876.378, disc_loss: 2243.785
Epoch: 56, gen_total_loss: 4029.657, gen_gan_loss: 1953.289, gen_l1_loss: 135.321, gen_tv_loss: 2339184.342, gen_f_loss: 6997630.095, disc_loss: 2241.223
Epoch: 57, gen_total_loss: 4025.455, gen_gan_loss: 1974.352, gen_l1_loss: 133.669, gen_tv_loss: 2328268.428, gen_f_loss: 6911268.289, disc_loss: 2231.034
Epoch: 58, gen_total_loss: 3988.896, gen_gan_loss: 1957.781, gen_l1_loss: 132.678, gen_tv_loss: 2332218.757, gen_f_loss: 6810139.465, disc_loss: 2244.012
Epoch: 59, gen_total_loss: 3997.346, gen_gan_loss: 1977.245, gen_l1_loss: 132.285, gen_tv_loss: 2316461.886, gen_f_loss: 6740874.765, disc_loss: 2217.341
Epoch: 60, gen_total_loss: 3998.396, gen_gan_loss: 1985.364, gen_l1_loss: 131.885, gen_tv_loss: 2328645.776, gen_f_loss: 6708946.228, disc_loss: 2229.052
Epoch: 61, gen_total_loss: 4016.115, gen_gan_loss: 2021.603, gen_l1_loss: 130.780, gen_tv_loss: 2329164.400, gen_f_loss: 6634191.128, disc_loss: 2214.090
Epoch: 62, gen_total_loss: 3975.415, gen_gan_loss: 1995.458, gen_l1_loss: 130.025, gen_tv_loss: 2318293.748, gen_f_loss: 6565254.451, disc_loss: 2217.540
Epoch: 63, gen_total_loss: 3971.797, gen_gan_loss: 2006.493, gen_l1_loss: 128.847, gen_tv_loss: 2345739.372, gen_f_loss: 6533728.056, disc_loss: 2211.142
Epoch: 64, gen_total_loss: 3945.616, gen_gan_loss: 1999.790, gen_l1_loss: 127.568, gen_tv_loss: 2341721.741, gen_f_loss: 6467269.542, disc_loss: 2211.586
Epoch: 65, gen_total_loss: 3922.240, gen_gan_loss: 1989.053, gen_l1_loss: 126.633, gen_tv_loss: 2322606.209, gen_f_loss: 6436337.953, disc_loss: 2235.589
Epoch: 66, gen_total_loss: 3931.356, gen_gan_loss: 2020.769, gen_l1_loss: 125.360, gen_tv_loss: 2335004.140, gen_f_loss: 6336328.868, disc_loss: 2206.147
Epoch: 67, gen_total_loss: 3920.192, gen_gan_loss: 2012.168, gen_l1_loss: 125.429, gen_tv_loss: 2330449.938, gen_f_loss: 6304287.075, disc_loss: 2195.009
Epoch: 68, gen_total_loss: 3925.367, gen_gan_loss: 2028.518, gen_l1_loss: 124.426, gen_tv_loss: 2315512.804, gen_f_loss: 6294318.401, disc_loss: 2215.804
Epoch: 69, gen_total_loss: 3873.672, gen_gan_loss: 1997.883, gen_l1_loss: 123.346, gen_tv_loss: 2323982.566, gen_f_loss: 6190901.689, disc_loss: 2228.861
Epoch: 70, gen_total_loss: 3873.164, gen_gan_loss: 2007.398, gen_l1_loss: 122.862, gen_tv_loss: 2317545.685, gen_f_loss: 6139688.447, disc_loss: 2210.902
Epoch: 71, gen_total_loss: 3855.614, gen_gan_loss: 2002.032, gen_l1_loss: 122.189, gen_tv_loss: 2324766.710, gen_f_loss: 6084416.210, disc_loss: 2217.386
Epoch: 72, gen_total_loss: 3855.110, gen_gan_loss: 2006.161, gen_l1_loss: 121.932, gen_tv_loss: 2334404.104, gen_f_loss: 6062844.621, disc_loss: 2208.825
Epoch: 73, gen_total_loss: 3879.151, gen_gan_loss: 2037.100, gen_l1_loss: 121.489, gen_tv_loss: 2317394.310, gen_f_loss: 6039861.773, disc_loss: 2190.231
Epoch: 74, gen_total_loss: 3889.296, gen_gan_loss: 2051.206, gen_l1_loss: 121.288, gen_tv_loss: 2334582.630, gen_f_loss: 6018647.718, disc_loss: 2200.902
Epoch: 75, gen_total_loss: 3888.912, gen_gan_loss: 2059.559, gen_l1_loss: 120.854, gen_tv_loss: 2344818.515, gen_f_loss: 5973650.891, disc_loss: 2174.143
Epoch: 76, gen_total_loss: 3907.274, gen_gan_loss: 2091.242, gen_l1_loss: 119.889, gen_tv_loss: 2310717.779, gen_f_loss: 5940346.906, disc_loss: 2159.263
Epoch: 77, gen_total_loss: 3920.571, gen_gan_loss: 2100.925, gen_l1_loss: 120.096, gen_tv_loss: 2338971.229, gen_f_loss: 5953002.934, disc_loss: 2155.007
Epoch: 78, gen_total_loss: 3931.885, gen_gan_loss: 2128.072, gen_l1_loss: 119.115, gen_tv_loss: 2324375.749, gen_f_loss: 5894234.894, disc_loss: 2144.097
Epoch: 79, gen_total_loss: 3958.704, gen_gan_loss: 2153.744, gen_l1_loss: 119.377, gen_tv_loss: 2332564.851, gen_f_loss: 5878648.651, disc_loss: 2107.577
Epoch: 80, gen_total_loss: 4009.247, gen_gan_loss: 2205.840, gen_l1_loss: 119.321, gen_tv_loss: 2320877.050, gen_f_loss: 5869904.921, disc_loss: 2098.077
Epoch: 81, gen_total_loss: 4042.569, gen_gan_loss: 2242.621, gen_l1_loss: 118.944, gen_tv_loss: 2334230.451, gen_f_loss: 5871679.928, disc_loss: 2067.306
Epoch: 82, gen_total_loss: 4076.411, gen_gan_loss: 2282.599, gen_l1_loss: 118.561, gen_tv_loss: 2312651.390, gen_f_loss: 5850795.555, disc_loss: 2041.276
Epoch: 83, gen_total_loss: 4138.387, gen_gan_loss: 2341.066, gen_l1_loss: 118.831, gen_tv_loss: 2326715.606, gen_f_loss: 5857416.726, disc_loss: 1987.004
Epoch: 84, gen_total_loss: 4216.933, gen_gan_loss: 2416.273, gen_l1_loss: 119.060, gen_tv_loss: 2316555.219, gen_f_loss: 5868964.699, disc_loss: 1955.607
Epoch: 85, gen_total_loss: 4255.080, gen_gan_loss: 2456.963, gen_l1_loss: 118.802, gen_tv_loss: 2337180.918, gen_f_loss: 5867270.313, disc_loss: 1921.788
Epoch: 86, gen_total_loss: 4376.897, gen_gan_loss: 2574.384, gen_l1_loss: 119.052, gen_tv_loss: 2350183.475, gen_f_loss: 5884889.308, disc_loss: 1860.044
Epoch: 87, gen_total_loss: 4494.390, gen_gan_loss: 2683.900, gen_l1_loss: 119.488, gen_tv_loss: 2352298.962, gen_f_loss: 5920821.973, disc_loss: 1794.947
Epoch: 88, gen_total_loss: 4579.058, gen_gan_loss: 2769.097, gen_l1_loss: 119.307, gen_tv_loss: 2356986.001, gen_f_loss: 5933221.931, disc_loss: 1768.529
Epoch: 89, gen_total_loss: 4662.764, gen_gan_loss: 2849.083, gen_l1_loss: 119.619, gen_tv_loss: 2378298.931, gen_f_loss: 5937060.664, disc_loss: 1705.261
Epoch: 90, gen_total_loss: 4739.472, gen_gan_loss: 2918.906, gen_l1_loss: 120.083, gen_tv_loss: 2369495.492, gen_f_loss: 5960447.259, disc_loss: 1692.360
Epoch: 91, gen_total_loss: 4818.144, gen_gan_loss: 2995.386, gen_l1_loss: 120.188, gen_tv_loss: 2361683.103, gen_f_loss: 5972661.087, disc_loss: 1649.798
Epoch: 92, gen_total_loss: 4964.801, gen_gan_loss: 3136.392, gen_l1_loss: 120.487, gen_tv_loss: 2350441.308, gen_f_loss: 6000360.636, disc_loss: 1596.509
Epoch: 93, gen_total_loss: 5039.897, gen_gan_loss: 3201.286, gen_l1_loss: 121.080, gen_tv_loss: 2375419.432, gen_f_loss: 6040614.853, disc_loss: 1571.180
Epoch: 94, gen_total_loss: 5110.430, gen_gan_loss: 3268.248, gen_l1_loss: 121.219, gen_tv_loss: 2379012.744, gen_f_loss: 6061998.780, disc_loss: 1528.845
Epoch: 95, gen_total_loss: 5182.004, gen_gan_loss: 3335.038, gen_l1_loss: 121.648, gen_tv_loss: 2393736.554, gen_f_loss: 6065527.370, disc_loss: 1545.057
Epoch: 96, gen_total_loss: 5222.753, gen_gan_loss: 3371.563, gen_l1_loss: 121.767, gen_tv_loss: 2391502.973, gen_f_loss: 6096000.009, disc_loss: 1521.798
Epoch: 97, gen_total_loss: 5288.515, gen_gan_loss: 3433.153, gen_l1_loss: 122.067, gen_tv_loss: 2373974.609, gen_f_loss: 6109511.092, disc_loss: 1484.459
Epoch: 98, gen_total_loss: 5434.483, gen_gan_loss: 3574.147, gen_l1_loss: 122.363, gen_tv_loss: 2371434.670, gen_f_loss: 6129891.174, disc_loss: 1433.514
Epoch: 99, gen_total_loss: 5498.785, gen_gan_loss: 3635.687, gen_l1_loss: 122.582, gen_tv_loss: 2399878.779, gen_f_loss: 6132834.035, disc_loss: 1403.754
Epoch: 100, gen_total_loss: 5638.938, gen_gan_loss: 3766.818, gen_l1_loss: 123.324, gen_tv_loss: 2404177.937, gen_f_loss: 6148345.807, disc_loss: 1350.010
Epoch: 101, gen_total_loss: 5748.894, gen_gan_loss: 3876.191, gen_l1_loss: 123.105, gen_tv_loss: 2413377.620, gen_f_loss: 6175160.919, disc_loss: 1316.210
Epoch: 102, gen_total_loss: 5869.815, gen_gan_loss: 3991.710, gen_l1_loss: 123.311, gen_tv_loss: 2432455.622, gen_f_loss: 6206701.255, disc_loss: 1254.213
Epoch: 103, gen_total_loss: 6008.738, gen_gan_loss: 4127.782, gen_l1_loss: 123.596, gen_tv_loss: 2415899.513, gen_f_loss: 6208388.201, disc_loss: 1237.516
Epoch: 104, gen_total_loss: 6054.846, gen_gan_loss: 4166.983, gen_l1_loss: 123.975, gen_tv_loss: 2419499.882, gen_f_loss: 6239167.045, disc_loss: 1223.325
Epoch: 105, gen_total_loss: 6204.796, gen_gan_loss: 4316.361, gen_l1_loss: 124.005, gen_tv_loss: 2428593.557, gen_f_loss: 6240943.218, disc_loss: 1171.109
Epoch: 106, gen_total_loss: 6228.514, gen_gan_loss: 4330.348, gen_l1_loss: 124.545, gen_tv_loss: 2455578.761, gen_f_loss: 6281551.537, disc_loss: 1217.558
Epoch: 107, gen_total_loss: 6356.159, gen_gan_loss: 4458.247, gen_l1_loss: 124.569, gen_tv_loss: 2445966.175, gen_f_loss: 6277587.714, disc_loss: 1138.022
Epoch: 108, gen_total_loss: 6433.888, gen_gan_loss: 4528.810, gen_l1_loss: 125.084, gen_tv_loss: 2428150.367, gen_f_loss: 6299538.766, disc_loss: 1131.646
Epoch: 109, gen_total_loss: 6533.287, gen_gan_loss: 4626.385, gen_l1_loss: 125.336, gen_tv_loss: 2448713.108, gen_f_loss: 6290523.440, disc_loss: 1099.880
Epoch: 110, gen_total_loss: 6630.655, gen_gan_loss: 4719.903, gen_l1_loss: 125.607, gen_tv_loss: 2459866.874, gen_f_loss: 6300808.276, disc_loss: 1053.615
Epoch: 111, gen_total_loss: 6786.926, gen_gan_loss: 4876.655, gen_l1_loss: 125.428, gen_tv_loss: 2444622.140, gen_f_loss: 6315413.628, disc_loss: 1033.491
Epoch: 112, gen_total_loss: 6855.337, gen_gan_loss: 4939.591, gen_l1_loss: 125.768, gen_tv_loss: 2463758.508, gen_f_loss: 6334321.851, disc_loss: 1052.852
Epoch: 113, gen_total_loss: 6879.728, gen_gan_loss: 4957.285, gen_l1_loss: 126.104, gen_tv_loss: 2466847.723, gen_f_loss: 6367351.551, disc_loss: 1006.201
Epoch: 114, gen_total_loss: 7038.616, gen_gan_loss: 5120.291, gen_l1_loss: 125.841, gen_tv_loss: 2467319.405, gen_f_loss: 6352428.122, disc_loss: 961.302
Epoch: 115, gen_total_loss: 7112.317, gen_gan_loss: 5191.919, gen_l1_loss: 126.057, gen_tv_loss: 2431198.441, gen_f_loss: 6355120.539, disc_loss: 1007.005
Epoch: 116, gen_total_loss: 7249.301, gen_gan_loss: 5324.339, gen_l1_loss: 126.229, gen_tv_loss: 2470107.665, gen_f_loss: 6379702.194, disc_loss: 934.550
Epoch: 117, gen_total_loss: 7300.752, gen_gan_loss: 5372.693, gen_l1_loss: 126.443, gen_tv_loss: 2463896.686, gen_f_loss: 6389936.827, disc_loss: 960.290
Epoch: 118, gen_total_loss: 7392.797, gen_gan_loss: 5462.856, gen_l1_loss: 126.528, gen_tv_loss: 2459878.291, gen_f_loss: 6400619.616, disc_loss: 898.500
Epoch: 119, gen_total_loss: 7483.742, gen_gan_loss: 5534.527, gen_l1_loss: 127.891, gen_tv_loss: 2500178.115, gen_f_loss: 6453062.753, disc_loss: 923.831
Epoch: 120, gen_total_loss: 7580.809, gen_gan_loss: 5637.123, gen_l1_loss: 127.543, gen_tv_loss: 2479451.801, gen_f_loss: 6434595.904, disc_loss: 896.698
Epoch: 121, gen_total_loss: 7600.300, gen_gan_loss: 5663.874, gen_l1_loss: 127.042, gen_tv_loss: 2489752.285, gen_f_loss: 6411053.488, disc_loss: 897.779
Epoch: 122, gen_total_loss: 7797.177, gen_gan_loss: 5853.336, gen_l1_loss: 127.555, gen_tv_loss: 2493458.230, gen_f_loss: 6433582.812, disc_loss: 802.897
Epoch: 123, gen_total_loss: 7881.728, gen_gan_loss: 5940.806, gen_l1_loss: 127.423, gen_tv_loss: 2476180.237, gen_f_loss: 6419255.317, disc_loss: 832.440
Epoch: 124, gen_total_loss: 7937.474, gen_gan_loss: 5994.165, gen_l1_loss: 127.517, gen_tv_loss: 2479034.246, gen_f_loss: 6433530.406, disc_loss: 856.676
Epoch: 125, gen_total_loss: 8104.565, gen_gan_loss: 6150.834, gen_l1_loss: 128.079, gen_tv_loss: 2488430.461, gen_f_loss: 6480588.961, disc_loss: 742.702
Epoch: 126, gen_total_loss: 8138.510, gen_gan_loss: 6193.664, gen_l1_loss: 127.541, gen_tv_loss: 2467314.618, gen_f_loss: 6447635.509, disc_loss: 824.794
Epoch: 127, gen_total_loss: 8198.064, gen_gan_loss: 6242.522, gen_l1_loss: 128.181, gen_tv_loss: 2502258.757, gen_f_loss: 6487111.183, disc_loss: 764.456
Epoch: 128, gen_total_loss: 8273.224, gen_gan_loss: 6321.813, gen_l1_loss: 127.944, gen_tv_loss: 2483490.896, gen_f_loss: 6471392.899, disc_loss: 787.832
Epoch: 129, gen_total_loss: 8435.814, gen_gan_loss: 6480.550, gen_l1_loss: 128.045, gen_tv_loss: 2478489.544, gen_f_loss: 6500276.121, disc_loss: 700.313
Epoch: 130, gen_total_loss: 8447.033, gen_gan_loss: 6477.606, gen_l1_loss: 129.100, gen_tv_loss: 2509963.380, gen_f_loss: 6533296.262, disc_loss: 761.385
Epoch: 131, gen_total_loss: 8545.850, gen_gan_loss: 6584.431, gen_l1_loss: 128.391, gen_tv_loss: 2504099.892, gen_f_loss: 6524673.339, disc_loss: 729.547
Epoch: 132, gen_total_loss: 8673.534, gen_gan_loss: 6707.367, gen_l1_loss: 128.792, gen_tv_loss: 2496313.143, gen_f_loss: 6532848.804, disc_loss: 740.935
Epoch: 133, gen_total_loss: 8535.093, gen_gan_loss: 6576.566, gen_l1_loss: 128.188, gen_tv_loss: 2473443.815, gen_f_loss: 6519089.032, disc_loss: 775.565
Epoch: 134, gen_total_loss: 8668.125, gen_gan_loss: 6708.215, gen_l1_loss: 128.285, gen_tv_loss: 2497530.897, gen_f_loss: 6520878.452, disc_loss: 700.310
Epoch: 135, gen_total_loss: 8771.480, gen_gan_loss: 6804.724, gen_l1_loss: 128.827, gen_tv_loss: 2512820.056, gen_f_loss: 6533566.813, disc_loss: 725.022
Epoch: 136, gen_total_loss: 8836.752, gen_gan_loss: 6861.256, gen_l1_loss: 129.394, gen_tv_loss: 2504351.430, gen_f_loss: 6565074.345, disc_loss: 713.997
Epoch: 137, gen_total_loss: 8896.593, gen_gan_loss: 6923.340, gen_l1_loss: 129.133, gen_tv_loss: 2506996.253, gen_f_loss: 6568543.893, disc_loss: 731.703
Epoch: 138, gen_total_loss: 9043.014, gen_gan_loss: 7075.029, gen_l1_loss: 128.835, gen_tv_loss: 2487257.638, gen_f_loss: 6547586.241, disc_loss: 633.067
Epoch: 139, gen_total_loss: 9111.426, gen_gan_loss: 7137.848, gen_l1_loss: 129.379, gen_tv_loss: 2497429.823, gen_f_loss: 6548092.676, disc_loss: 695.649
Epoch: 140, gen_total_loss: 8968.365, gen_gan_loss: 7003.590, gen_l1_loss: 128.694, gen_tv_loss: 2481693.219, gen_f_loss: 6530135.693, disc_loss: 750.338
Epoch: 141, gen_total_loss: 9034.810, gen_gan_loss: 7066.084, gen_l1_loss: 128.945, gen_tv_loss: 2484347.077, gen_f_loss: 6544285.240, disc_loss: 679.087
Epoch: 142, gen_total_loss: 9194.432, gen_gan_loss: 7220.943, gen_l1_loss: 129.233, gen_tv_loss: 2504583.278, gen_f_loss: 6561089.913, disc_loss: 654.726
Epoch: 143, gen_total_loss: 9041.331, gen_gan_loss: 7074.733, gen_l1_loss: 128.776, gen_tv_loss: 2480300.429, gen_f_loss: 6540335.795, disc_loss: 700.034
Epoch: 144, gen_total_loss: 9214.998, gen_gan_loss: 7244.625, gen_l1_loss: 128.944, gen_tv_loss: 2483906.929, gen_f_loss: 6560909.329, disc_loss: 697.317
Epoch: 145, gen_total_loss: 9214.994, gen_gan_loss: 7250.164, gen_l1_loss: 128.469, gen_tv_loss: 2469946.861, gen_f_loss: 6554410.723, disc_loss: 676.555
Epoch: 146, gen_total_loss: 9320.998, gen_gan_loss: 7348.655, gen_l1_loss: 128.992, gen_tv_loss: 2494420.041, gen_f_loss: 6574737.301, disc_loss: 660.170
Epoch: 147, gen_total_loss: 9499.759, gen_gan_loss: 7527.049, gen_l1_loss: 129.103, gen_tv_loss: 2488016.080, gen_f_loss: 6567958.336, disc_loss: 591.665
Epoch: 148, gen_total_loss: 9290.618, gen_gan_loss: 7313.669, gen_l1_loss: 129.322, gen_tv_loss: 2496430.852, gen_f_loss: 6587648.019, disc_loss: 700.810
Epoch: 149, gen_total_loss: 9692.064, gen_gan_loss: 7710.760, gen_l1_loss: 129.521, gen_tv_loss: 2507213.232, gen_f_loss: 6610180.747, disc_loss: 550.023
Epoch: 150, gen_total_loss: 9521.818, gen_gan_loss: 7543.411, gen_l1_loss: 129.499, gen_tv_loss: 2494942.526, gen_f_loss: 6584637.468, disc_loss: 662.209
Epoch: 151, gen_total_loss: 9600.129, gen_gan_loss: 7623.063, gen_l1_loss: 129.319, gen_tv_loss: 2495829.524, gen_f_loss: 6589138.440, disc_loss: 641.945
Epoch: 152, gen_total_loss: 9827.201, gen_gan_loss: 7855.934, gen_l1_loss: 128.934, gen_tv_loss: 2499414.436, gen_f_loss: 6569322.676, disc_loss: 601.470
Epoch: 153, gen_total_loss: 9607.141, gen_gan_loss: 7636.441, gen_l1_loss: 128.698, gen_tv_loss: 2492673.434, gen_f_loss: 6587892.028, disc_loss: 642.437
Epoch: 154, gen_total_loss: 9820.264, gen_gan_loss: 7845.127, gen_l1_loss: 129.069, gen_tv_loss: 2508453.269, gen_f_loss: 6593577.705, disc_loss: 516.548
Epoch: 155, gen_total_loss: 9881.380, gen_gan_loss: 7902.312, gen_l1_loss: 129.329, gen_tv_loss: 2514904.681, gen_f_loss: 6606309.208, disc_loss: 592.063
Epoch: 156, gen_total_loss: 9922.300, gen_gan_loss: 7944.154, gen_l1_loss: 129.325, gen_tv_loss: 2494113.273, gen_f_loss: 6599562.724, disc_loss: 567.971
Epoch: 157, gen_total_loss: 9771.832, gen_gan_loss: 7791.333, gen_l1_loss: 129.415, gen_tv_loss: 2517547.351, gen_f_loss: 6611737.865, disc_loss: 604.361
Epoch: 158, gen_total_loss: 10015.849, gen_gan_loss: 8029.609, gen_l1_loss: 129.648, gen_tv_loss: 2509653.035, gen_f_loss: 6646673.548, disc_loss: 568.728
Epoch: 159, gen_total_loss: 10123.595, gen_gan_loss: 8141.444, gen_l1_loss: 129.540, gen_tv_loss: 2502354.390, gen_f_loss: 6617242.812, disc_loss: 526.560
Epoch: 160, gen_total_loss: 9971.597, gen_gan_loss: 7984.042, gen_l1_loss: 129.889, gen_tv_loss: 2505875.228, gen_f_loss: 6636091.165, disc_loss: 614.461
Epoch: 161, gen_total_loss: 10100.575, gen_gan_loss: 8118.833, gen_l1_loss: 129.435, gen_tv_loss: 2493849.660, gen_f_loss: 6624568.747, disc_loss: 527.454
Epoch: 162, gen_total_loss: 10154.472, gen_gan_loss: 8175.263, gen_l1_loss: 129.283, gen_tv_loss: 2498682.429, gen_f_loss: 6613897.000, disc_loss: 596.505
Epoch: 163, gen_total_loss: 10139.589, gen_gan_loss: 8159.315, gen_l1_loss: 129.417, gen_tv_loss: 2487643.469, gen_f_loss: 6612245.916, disc_loss: 561.943
Epoch: 164, gen_total_loss: 10259.598, gen_gan_loss: 8274.831, gen_l1_loss: 129.544, gen_tv_loss: 2520289.531, gen_f_loss: 6641230.570, disc_loss: 517.761
Epoch: 165, gen_total_loss: 10384.989, gen_gan_loss: 8396.017, gen_l1_loss: 129.810, gen_tv_loss: 2519387.234, gen_f_loss: 6656812.637, disc_loss: 509.280
Epoch: 166, gen_total_loss: 10181.643, gen_gan_loss: 8198.798, gen_l1_loss: 129.585, gen_tv_loss: 2503014.467, gen_f_loss: 6619601.581, disc_loss: 565.086
Epoch: 167, gen_total_loss: 10129.629, gen_gan_loss: 8152.782, gen_l1_loss: 129.112, gen_tv_loss: 2498423.958, gen_f_loss: 6607410.534, disc_loss: 592.137
Epoch: 168, gen_total_loss: 10333.360, gen_gan_loss: 8348.267, gen_l1_loss: 129.475, gen_tv_loss: 2527848.406, gen_f_loss: 6650645.720, disc_loss: 491.095
Epoch: 169, gen_total_loss: 10469.296, gen_gan_loss: 8480.204, gen_l1_loss: 129.944, gen_tv_loss: 2517306.375, gen_f_loss: 6644750.169, disc_loss: 550.777
Epoch: 170, gen_total_loss: 10506.311, gen_gan_loss: 8526.131, gen_l1_loss: 129.355, gen_tv_loss: 2488933.615, gen_f_loss: 6617416.458, disc_loss: 492.209
Epoch: 171, gen_total_loss: 10233.655, gen_gan_loss: 8256.409, gen_l1_loss: 129.159, gen_tv_loss: 2490189.024, gen_f_loss: 6607546.593, disc_loss: 649.877
Epoch: 172, gen_total_loss: 10268.830, gen_gan_loss: 8291.693, gen_l1_loss: 128.986, gen_tv_loss: 2511884.479, gen_f_loss: 6621530.469, disc_loss: 495.976
Epoch: 173, gen_total_loss: 10371.020, gen_gan_loss: 8389.100, gen_l1_loss: 129.474, gen_tv_loss: 2519510.998, gen_f_loss: 6619835.554, disc_loss: 549.747
Epoch: 174, gen_total_loss: 10606.949, gen_gan_loss: 8620.521, gen_l1_loss: 129.698, gen_tv_loss: 2510907.058, gen_f_loss: 6643427.272, disc_loss: 500.024
Epoch: 175, gen_total_loss: 10528.172, gen_gan_loss: 8538.621, gen_l1_loss: 129.864, gen_tv_loss: 2517291.188, gen_f_loss: 6657402.114, disc_loss: 508.238
Epoch: 176, gen_total_loss: 10517.618, gen_gan_loss: 8522.145, gen_l1_loss: 130.235, gen_tv_loss: 2516516.411, gen_f_loss: 6679621.501, disc_loss: 546.551
Epoch: 177, gen_total_loss: 10395.402, gen_gan_loss: 8405.680, gen_l1_loss: 129.890, gen_tv_loss: 2513557.090, gen_f_loss: 6656918.118, disc_loss: 600.334
Epoch: 178, gen_total_loss: 10616.038, gen_gan_loss: 8622.692, gen_l1_loss: 129.992, gen_tv_loss: 2527626.351, gen_f_loss: 6681497.687, disc_loss: 494.113
Epoch: 179, gen_total_loss: 10870.775, gen_gan_loss: 8877.671, gen_l1_loss: 129.940, gen_tv_loss: 2519135.716, gen_f_loss: 6685099.034, disc_loss: 463.585
Epoch: 180, gen_total_loss: 10917.183, gen_gan_loss: 8920.859, gen_l1_loss: 130.156, gen_tv_loss: 2529305.842, gen_f_loss: 6694687.769, disc_loss: 449.376
Epoch: 181, gen_total_loss: 10552.059, gen_gan_loss: 8558.679, gen_l1_loss: 130.062, gen_tv_loss: 2498222.718, gen_f_loss: 6677806.362, disc_loss: 563.507
Epoch: 182, gen_total_loss: 10439.948, gen_gan_loss: 8449.381, gen_l1_loss: 129.775, gen_tv_loss: 2513609.727, gen_f_loss: 6676785.428, disc_loss: 562.966
Epoch: 183, gen_total_loss: 10905.657, gen_gan_loss: 8910.703, gen_l1_loss: 130.093, gen_tv_loss: 2527123.649, gen_f_loss: 6687573.414, disc_loss: 477.303
Epoch: 184, gen_total_loss: 10744.437, gen_gan_loss: 8746.110, gen_l1_loss: 130.267, gen_tv_loss: 2511634.016, gen_f_loss: 6705389.989, disc_loss: 541.501
Epoch: 185, gen_total_loss: 10823.564, gen_gan_loss: 8825.805, gen_l1_loss: 130.286, gen_tv_loss: 2527327.250, gen_f_loss: 6696240.107, disc_loss: 541.409
Epoch: 186, gen_total_loss: 10968.259, gen_gan_loss: 8967.963, gen_l1_loss: 130.405, gen_tv_loss: 2546874.893, gen_f_loss: 6707738.263, disc_loss: 398.744
Epoch: 187, gen_total_loss: 10917.676, gen_gan_loss: 8927.044, gen_l1_loss: 129.766, gen_tv_loss: 2523892.878, gen_f_loss: 6677375.004, disc_loss: 511.811
Epoch: 188, gen_total_loss: 10979.472, gen_gan_loss: 8989.898, gen_l1_loss: 129.729, gen_tv_loss: 2521742.230, gen_f_loss: 6670662.323, disc_loss: 500.273
Epoch: 189, gen_total_loss: 11033.513, gen_gan_loss: 9035.429, gen_l1_loss: 130.363, gen_tv_loss: 2532963.611, gen_f_loss: 6691242.350, disc_loss: 464.615
Epoch: 190, gen_total_loss: 10920.754, gen_gan_loss: 8927.675, gen_l1_loss: 130.130, gen_tv_loss: 2521515.165, gen_f_loss: 6665665.907, disc_loss: 495.521
Epoch: 191, gen_total_loss: 10975.345, gen_gan_loss: 8982.864, gen_l1_loss: 130.016, gen_tv_loss: 2523012.155, gen_f_loss: 6670960.206, disc_loss: 510.695
Epoch: 192, gen_total_loss: 11083.395, gen_gan_loss: 9096.676, gen_l1_loss: 129.471, gen_tv_loss: 2508254.872, gen_f_loss: 6669261.044, disc_loss: 470.312
Epoch: 193, gen_total_loss: 11139.719, gen_gan_loss: 9144.864, gen_l1_loss: 130.097, gen_tv_loss: 2509160.827, gen_f_loss: 6687918.022, disc_loss: 574.178
Epoch: 194, gen_total_loss: 10763.819, gen_gan_loss: 8771.590, gen_l1_loss: 129.941, gen_tv_loss: 2530154.476, gen_f_loss: 6675206.606, disc_loss: 444.975
Epoch: 195, gen_total_loss: 11117.358, gen_gan_loss: 9116.279, gen_l1_loss: 130.451, gen_tv_loss: 2558960.045, gen_f_loss: 6709842.814, disc_loss: 409.727
Epoch: 196, gen_total_loss: 11122.984, gen_gan_loss: 9123.975, gen_l1_loss: 130.355, gen_tv_loss: 2541280.454, gen_f_loss: 6700422.681, disc_loss: 525.800
Epoch: 197, gen_total_loss: 10982.759, gen_gan_loss: 8984.235, gen_l1_loss: 130.246, gen_tv_loss: 2542052.023, gen_f_loss: 6706407.168, disc_loss: 478.984
Epoch: 198, gen_total_loss: 11168.895, gen_gan_loss: 9175.509, gen_l1_loss: 129.860, gen_tv_loss: 2539263.774, gen_f_loss: 6693915.833, disc_loss: 450.646
Epoch: 199, gen_total_loss: 11139.955, gen_gan_loss: 9145.553, gen_l1_loss: 129.994, gen_tv_loss: 2528576.958, gen_f_loss: 6691805.031, disc_loss: 543.121
Epoch: 200, gen_total_loss: 11046.527, gen_gan_loss: 9050.423, gen_l1_loss: 130.040, gen_tv_loss: 2544188.630, gen_f_loss: 6702649.896, disc_loss: 420.552
